<?xml version='1.0' encoding='UTF-8' ?>
<timeLogEntries>
  <time path="/PSP0/new&#10;/PSP0/PSP0" flag="R" />
  <time path="/new&#10;/PSP0" flag="R" />
  <time path="/PSP0/new&#10;/PSP0/PSP0" flag="R" />
  <time id="48" path="/PSP0/PSP0" start="@1613692044413" delta="3" flag="A" />
  <time id="49" path="/PSP0/PSP0/Planning" start="@1613692772697" delta="47" flag="A" />
  <time id="50" path="/PSP0/PSP0/Planning" start="@1613752229669" delta="180" flag="A" />
  <time id="51" path="/PSP0/PSP0/Planning" start="@1613777223983" delta="83" flag="A" />
  <time id="52" path="/PSP0/PSP0/Code" start="@1613853435726" delta="300" flag="A" />
  <time id="53" path="/PSP0/PSP0/Test" start="@1613967202880" delta="1117" flag="A" />
  <time id="54" path="/PSP0/PSP0/Code" start="@1614034212503" delta="32" flag="A" />
  <time id="55" path="/PSP0/PSP0/Design" start="@1614266125919" delta="300" flag="A" />
  <time id="56" path="/PSP0/PSP0/Test" start="@1614284161931" delta="5" flag="A" />
  <time id="57" path="/PSP0/PSP0/Test" start="@1614286167500" delta="286" flag="A" />
</timeLogEntries>
